Identifier,tY,tX,bK,tM,tN,time,GFLOPs,percentagePeak
cuBLAS,16,16,32,4,8,0.729304,12060.948495,85.349782
Outer-Product + No Remainder,16,16,32,4,8,0.847588,10377.799070,73.438908
Inner Product + No Remainder,16,16,32,4,8,0.866255,10154.156264,71.856291
Inner Product + Remainder,16,16,32,4,8,1.109942,7924.823843,56.080331
cuBLAS,16,16,8,2,2,0.561269,15671.802881,80.401866
Outer-Product + No Remainder,16,16,8,2,2,0.984192,8937.371016,45.851859
Inner Product + No Remainder,16,16,8,2,2,0.956146,9199.530974,47.196832
Inner Product + Remainder,16,16,8,2,2,1.135230,7748.288356,39.751447
cuBLAS,16,16,8,8,2,0.729145,12063.566376,85.368307
Outer-Product + No Remainder,16,16,8,8,2,0.956260,9198.435887,65.093097
Inner Product + No Remainder,16,16,8,8,2,0.940626,9351.315387,66.174955
Inner Product + Remainder,16,16,8,8,2,1.064433,8263.643815,58.478004
cuBLAS,16,16,16,2,2,0.596983,14734.235398,75.591814
Outer-Product + No Remainder,16,16,16,2,2,0.916763,9594.733990,49.224363
Inner Product + No Remainder,16,16,16,2,2,0.897340,9802.413294,50.289831
Inner Product + Remainder,16,16,16,2,2,0.915735,9605.495556,49.279574
cuBLAS,16,16,16,8,2,0.727761,12086.520645,85.530744
Outer-Product + No Remainder,16,16,16,8,2,0.905487,9714.209763,68.742992
Inner Product + No Remainder,16,16,16,8,2,0.908722,9679.627879,68.498272
Inner Product + Remainder,16,16,16,8,2,0.961021,9152.864229,64.770608
cuBLAS,16,16,32,2,2,0.605600,14524.594226,74.516281
Outer-Product + No Remainder,16,16,32,2,2,0.861887,10205.616766,52.358407
Inner Product + No Remainder,16,16,32,2,2,0.863683,10184.402213,52.249569
Inner Product + Remainder,16,16,32,2,2,0.863714,10184.030133,52.247660
cuBLAS,16,16,32,8,2,0.729533,12057.150398,85.322904
Outer-Product + No Remainder,16,16,32,8,2,0.868186,10131.577684,71.696512
Inner Product + No Remainder,16,16,32,8,2,0.880072,9994.747802,70.728230
Inner Product + Remainder,16,16,32,8,2,0.896241,9814.423972,69.452161
cuBLAS,16,16,8,2,4,0.589717,14915.784181,76.523224
Outer-Product + No Remainder,16,16,8,2,4,0.772519,11386.241203,58.415426
Inner Product + No Remainder,16,16,8,2,4,0.794528,11070.847422,56.797344
Inner Product + Remainder,16,16,8,2,4,0.788507,11155.381264,57.231033
cuBLAS,16,16,16,2,4,0.570650,15414.154037,79.080036
Outer-Product + No Remainder,16,16,16,2,4,0.726953,12099.945264,62.076979
Inner Product + No Remainder,16,16,16,2,4,0.756704,11624.221201,59.636347
Inner Product + Remainder,16,16,16,2,4,0.754204,11662.756406,59.834046
cuBLAS,16,16,8,8,4,0.727627,12088.735901,85.546420
Outer-Product + No Remainder,16,16,8,8,4,0.857374,10259.346755,72.600675
Inner Product + No Remainder,16,16,8,8,4,0.858561,10245.163319,72.500306
Inner Product + Remainder,16,16,8,8,4,0.967430,9092.226346,64.341501
cuBLAS,16,16,32,2,4,0.567436,15501.473945,79.528018
Outer-Product + No Remainder,16,16,32,2,4,0.706618,12448.156910,63.863427
Inner Product + No Remainder,16,16,32,2,4,0.739557,11893.727341,61.019008
Inner Product + Remainder,16,16,32,2,4,0.756058,11634.149490,59.687282
cuBLAS,16,16,16,8,4,0.729499,12057.722381,85.326952
Outer-Product + No Remainder,16,16,16,8,4,0.791169,11117.844140,78.675866
Inner Product + No Remainder,16,16,16,8,4,0.796282,11046.459153,78.170707
Inner Product + Remainder,16,16,16,8,4,0.844414,10416.803741,73.714926
cuBLAS,16,16,8,2,8,0.583602,15072.086141,77.325108
Outer-Product + No Remainder,16,16,8,2,8,1.105100,7959.542396,40.835254
Inner Product + No Remainder,16,16,8,2,8,1.140628,7711.625041,39.563351
Inner Product + Remainder,16,16,8,2,8,1.169087,7523.898420,38.600247
cuBLAS,16,16,32,8,4,0.729140,12063.659279,85.368965
Outer-Product + No Remainder,16,16,32,8,4,0.767250,11464.447339,81.128617
Inner Product + No Remainder,16,16,32,8,4,0.764198,11510.220420,81.452532
Inner Product + Remainder,16,16,32,8,4,0.991872,8868.169634,62.755955
cuBLAS,16,16,16,2,8,0.602527,14598.669369,74.896313
Outer-Product + No Remainder,16,16,16,2,8,1.092418,8051.947415,41.309325
Inner Product + No Remainder,16,16,16,2,8,1.086847,8093.218894,41.521062
Inner Product + Remainder,16,16,16,2,8,1.097201,8016.845287,41.129238
cuBLAS,16,16,32,2,8,0.566141,15536.941852,79.709981
Outer-Product + No Remainder,16,16,32,2,8,1.070826,8214.306165,42.142282
Inner Product + No Remainder,16,16,32,2,8,1.071159,8211.752456,42.129181
Inner Product + Remainder,16,16,32,2,8,1.079004,8152.051129,41.822892
cuBLAS,16,16,8,8,8,0.729635,12055.473095,85.311035
Outer-Product + No Remainder,16,16,8,8,8,0.769390,11432.561428,80.902975
Inner Product + No Remainder,16,16,8,8,8,1.094669,8035.393717,56.862783
Inner Product + Remainder,16,16,8,8,8,1.199905,7330.660666,51.875712
cuBLAS,16,16,8,4,2,0.610035,14419.006598,73.974580
Outer-Product + No Remainder,16,16,8,4,2,0.719974,12217.245344,62.678769
Inner Product + No Remainder,16,16,8,4,2,0.706602,12448.442927,63.864894
Inner Product + Remainder,16,16,8,4,2,0.879434,10001.998667,51.313774
cuBLAS,16,16,16,8,8,0.728080,12081.215445,85.493201
Outer-Product + No Remainder,16,16,16,8,8,0.727394,12092.616836,85.573884
Inner Product + No Remainder,16,16,16,8,8,0.927140,9487.345510,67.137578
Inner Product + Remainder,16,16,16,8,8,1.007130,8733.816603,61.805200
cuBLAS,16,16,16,4,2,0.601205,14630.778582,75.061045
Outer-Product + No Remainder,16,16,16,4,2,0.686619,12810.734288,65.723577
Inner Product + No Remainder,16,16,16,4,2,0.671133,13106.327777,67.240075
Inner Product + Remainder,16,16,16,4,2,0.724406,12142.491493,62.295256
cuBLAS,16,16,32,4,2,0.584663,15044.722597,77.184723
Outer-Product + No Remainder,16,16,32,4,2,0.637435,13799.194721,70.794727
Inner Product + No Remainder,16,16,32,4,2,0.651732,13496.477854,69.241682
Inner Product + Remainder,16,16,32,4,2,0.646598,13603.649743,69.791512
cuBLAS,16,16,32,8,8,0.728313,12077.360041,85.465918
Outer-Product + No Remainder,16,16,32,8,8,0.728307,12077.458218,85.466613
Inner Product + No Remainder,16,16,32,8,8,1.230229,7149.966074,50.597019
Inner Product + Remainder,16,16,32,8,8,0.933811,9419.568537,66.657951
cuBLAS,16,16,8,4,4,0.577932,15219.950849,78.083706
Outer-Product + No Remainder,16,16,8,4,4,0.572425,15366.364736,78.834860
Inner Product + No Remainder,16,16,8,4,4,0.592845,14837.080399,76.119445
Inner Product + Remainder,16,16,8,4,4,0.807724,10889.967836,55.869369
cuBLAS,16,16,8,16,2,0.727791,12086.014850,85.527165
Outer-Product + No Remainder,16,16,8,16,2,0.950097,9258.101918,65.515326
Inner Product + No Remainder,16,16,8,16,2,0.998080,8813.014936,62.365651
Inner Product + Remainder,16,16,8,16,2,1.032069,8522.773341,60.311744
cuBLAS,16,16,16,4,4,0.619555,14197.428682,72.837807
Outer-Product + No Remainder,16,16,16,4,4,0.597872,14712.322541,75.479394
Inner Product + No Remainder,16,16,16,4,4,0.583513,15074.372113,77.336835
Inner Product + Remainder,16,16,16,4,4,0.861864,10205.895743,52.359838
cuBLAS,16,16,16,16,2,0.729574,12056.483657,85.318186
Outer-Product + No Remainder,16,16,16,16,2,0.848210,10370.178372,73.384980
Inner Product + No Remainder,16,16,16,16,2,0.826634,10640.857523,75.300451
Inner Product + Remainder,16,16,16,16,2,0.913646,9627.468145,68.129161
cuBLAS,16,16,32,4,4,0.565944,15542.335629,79.737653
Outer-Product + No Remainder,16,16,32,4,4,0.541156,16254.266642,83.390110
Inner Product + No Remainder,16,16,32,4,4,0.586159,15006.333867,76.987775
Inner Product + Remainder,16,16,32,4,4,0.985026,8929.806298,45.813050
cuBLAS,16,16,8,4,8,0.578312,15209.938682,78.032340
Outer-Product + No Remainder,16,16,8,4,8,0.659422,13339.085666,68.434205
Inner Product + No Remainder,16,16,8,4,8,0.721030,12199.337333,62.586895
Inner Product + Remainder,16,16,8,4,8,0.851123,10334.686507,53.020580
cuBLAS,16,16,32,16,2,0.728744,12070.208553,85.415311
Outer-Product + No Remainder,16,16,32,16,2,0.911257,9652.701981,68.307729
Inner Product + No Remainder,16,16,32,16,2,0.868426,10128.777102,71.676694
Inner Product + Remainder,16,16,32,16,2,0.851305,10332.476238,73.118179
cuBLAS,16,16,16,4,8,0.611859,14376.012931,73.754007
Outer-Product + No Remainder,16,16,16,4,8,0.618575,14219.929432,72.953244
Inner Product + No Remainder,16,16,16,4,8,0.689381,12759.398691,65.460207
Inner Product + Remainder,16,16,16,4,8,0.720688,12205.139582,62.616663
cuBLAS,16,16,8,16,4,0.729242,12061.975118,85.357046
Outer-Product + No Remainder,16,16,8,16,4,1.054829,8338.882633,59.010434
Inner Product + No Remainder,16,16,8,16,4,0.778154,11303.794771,79.991753
Inner Product + Remainder,16,16,8,16,4,1.218126,7221.006559,51.099740
cuBLAS,16,16,32,4,8,0.573922,15326.273577,78.629179
Outer-Product + No Remainder,16,16,32,4,8,0.604456,14552.090547,74.657347
Inner Product + No Remainder,16,16,32,4,8,0.636030,13829.673997,70.951096
Inner Product + Remainder,16,16,32,4,8,0.858457,10246.394344,52.567610
cuBLAS,16,16,16,16,4,0.728026,12082.117892,85.499588
Outer-Product + No Remainder,16,16,16,16,4,0.928425,9474.206583,67.044600
Inner Product + No Remainder,16,16,16,16,4,0.921393,9546.515318,67.556295
Inner Product + Remainder,16,16,16,16,4,0.987186,8910.265589,63.053849
cuBLAS,16,16,8,8,2,0.581036,15138.631836,77.666510
Outer-Product + No Remainder,16,16,8,8,2,0.647142,13592.206429,69.732804
Inner Product + No Remainder,16,16,8,8,2,0.652241,13485.952279,69.187683
Inner Product + Remainder,16,16,8,8,2,0.777391,11314.892871,58.049384
cuBLAS,16,16,16,8,2,0.586921,14986.831808,76.887723
Outer-Product + No Remainder,16,16,16,8,2,0.617851,14236.583935,73.038687
Inner Product + No Remainder,16,16,16,8,2,0.617257,14250.288197,73.108995
Inner Product + Remainder,16,16,16,8,2,0.618906,14212.324552,72.914228
cuBLAS,16,16,32,16,4,0.727890,12084.365986,85.515496
Outer-Product + No Remainder,16,16,32,16,4,0.822261,10697.441872,75.700873
Inner Product + No Remainder,16,16,32,16,4,0.820581,10719.353324,75.855930
Inner Product + Remainder,16,16,32,16,4,0.867289,10142.051027,71.770627
cuBLAS,16,16,32,8,2,0.596234,14752.758974,75.686847
Outer-Product + No Remainder,16,16,32,8,2,0.601406,14625.891969,75.035974
Inner Product + No Remainder,16,16,32,8,2,0.573014,15350.581415,78.753886
Inner Product + Remainder,16,16,32,8,2,0.601970,14612.183540,74.965645
cuBLAS,16,16,8,16,8,0.727336,12093.572744,85.580648
Outer-Product + No Remainder,16,16,8,16,8,0.879030,10006.589216,70.812026
Inner Product + No Remainder,16,16,8,16,8,0.906522,9703.125617,68.664554
Inner Product + Remainder,16,16,8,16,8,0.983420,8944.387850,63.295316
cuBLAS,16,16,8,8,4,0.572637,15360.673240,78.805661
Outer-Product + No Remainder,16,16,8,8,4,0.593910,14810.482093,75.982987
Inner Product + No Remainder,16,16,8,8,4,0.678230,12969.196327,66.536543
Inner Product + Remainder,16,16,8,8,4,0.816302,10775.538537,55.282306
cuBLAS,16,16,16,8,4,0.566108,15537.838042,79.714579
Outer-Product + No Remainder,16,16,16,8,4,0.562257,15644.261590,80.260569
Inner Product + No Remainder,16,16,16,8,4,0.565838,15545.246037,79.752584
Inner Product + Remainder,16,16,16,8,4,0.675374,13024.040430,66.817912
cuBLAS,16,16,16,16,8,0.730175,12046.557846,85.247946
Outer-Product + No Remainder,16,16,16,16,8,0.802485,10961.064491,77.566409
Inner Product + No Remainder,16,16,16,16,8,0.854920,10288.790996,72.809039
Inner Product + Remainder,16,16,16,16,8,0.848550,10366.027360,73.355605
cuBLAS,16,16,32,8,4,0.625878,14053.996383,72.101949
Outer-Product + No Remainder,16,16,32,8,4,0.554013,15877.048149,81.454846
Inner Product + No Remainder,16,16,32,8,4,0.555831,15825.121526,81.188444
Inner Product + Remainder,16,16,32,8,4,0.763426,11521.873308,59.111266
cuBLAS,16,16,8,8,8,0.583961,15062.815362,77.277545
Outer-Product + No Remainder,16,16,8,8,8,0.580662,15148.383123,77.716538
Inner Product + No Remainder,16,16,8,8,8,0.814833,10794.963237,55.381961
Inner Product + Remainder,16,16,8,8,8,0.955226,9208.385206,47.242258
cuBLAS,16,16,32,16,8,0.728706,12070.834349,85.419739
Outer-Product + No Remainder,16,16,32,16,8,0.749300,11739.085477,83.072105
Inner Product + No Remainder,16,16,32,16,8,2.462726,3571.689920,25.275206
Inner Product + Remainder,16,16,32,16,8,2.679582,3282.636516,23.229708
cuBLAS,16,16,16,8,8,0.601607,14621.004169,75.010898
Outer-Product + No Remainder,16,16,16,8,8,0.564576,15580.001805,79.930894
Inner Product + No Remainder,16,16,16,8,8,0.692822,12696.043390,65.135172
Inner Product + Remainder,16,16,16,8,8,0.772285,11389.693128,58.433135
cuBLAS,8,32,8,2,2,0.719170,12230.891507,86.552390
Outer-Product + No Remainder,8,32,8,2,2,1.628966,5399.802078,38.211914
Inner Product + No Remainder,8,32,8,2,2,1.627028,5406.231872,38.257415
Inner Product + Remainder,8,32,8,2,2,1.853421,4745.867877,33.584323
cuBLAS,16,16,32,8,8,0.593390,14823.470464,76.049622
Outer-Product + No Remainder,16,16,32,8,8,0.555040,15847.685165,81.304204
Inner Product + No Remainder,16,16,32,8,8,0.709591,12395.999884,63.595843
Inner Product + Remainder,16,16,32,8,8,0.686804,12807.285865,65.705885
cuBLAS,16,16,8,16,2,0.604815,14543.435035,74.612941
Outer-Product + No Remainder,16,16,8,16,2,0.745684,11796.001919,60.517642
Inner Product + No Remainder,16,16,8,16,2,0.627163,14025.211195,71.954271
Inner Product + Remainder,16,16,8,16,2,0.723959,12149.991141,62.333732
cuBLAS,8,32,16,2,2,0.730362,12043.464224,85.226053
Outer-Product + No Remainder,8,32,16,2,2,1.486044,5919.133366,41.886983
Inner Product + No Remainder,8,32,16,2,2,1.476346,5958.015182,42.162131
Inner Product + Remainder,8,32,16,2,2,1.625337,5411.856646,38.297219
cuBLAS,16,16,16,16,2,0.582001,15113.534949,77.537755
Outer-Product + No Remainder,16,16,16,16,2,0.597232,14728.112849,75.560404
Inner Product + No Remainder,16,16,16,16,2,0.571693,15386.039796,78.935800
Inner Product + Remainder,16,16,16,16,2,0.648502,13563.701982,69.586566
cuBLAS,8,32,32,2,2,0.727465,12091.432816,85.565505
Outer-Product + No Remainder,8,32,32,2,2,1.491419,5897.799656,41.736014
Inner Product + No Remainder,8,32,32,2,2,1.490386,5901.890694,41.764964
Inner Product + Remainder,8,32,32,2,2,1.540563,5709.661848,40.404649
cuBLAS,16,16,32,16,2,0.602578,14597.440569,74.890009
Outer-Product + No Remainder,16,16,32,16,2,0.628498,13995.414152,71.801401
Inner Product + No Remainder,16,16,32,16,2,0.605824,14519.232639,74.488775
Inner Product + Remainder,16,16,32,16,2,0.618299,14226.272819,72.985788
cuBLAS,8,32,8,2,4,0.728210,12079.064701,85.477982
Outer-Product + No Remainder,8,32,8,2,4,1.395519,6303.099463,44.604134
Inner Product + No Remainder,8,32,8,2,4,1.393511,6312.178394,44.668381
Inner Product + Remainder,8,32,8,2,4,1.483438,5929.533464,41.960579
cuBLAS,16,16,8,16,4,0.589124,14930.789262,76.600205
Outer-Product + No Remainder,16,16,8,16,4,0.795340,11059.544503,56.739357
Inner Product + No Remainder,16,16,8,16,4,0.574722,15304.959599,78.519830
Inner Product + Remainder,16,16,8,16,4,0.642823,13683.531661,70.201334
cuBLAS,8,32,16,2,4,0.728378,12076.268057,85.458191
Outer-Product + No Remainder,8,32,16,2,4,1.351150,6510.079897,46.068839
Inner Product + No Remainder,8,32,16,2,4,1.343937,6545.017027,46.316073
Inner Product + Remainder,8,32,16,2,4,1.410643,6235.519438,44.125901
cuBLAS,16,16,16,16,4,0.570223,15425.713171,79.139339
Outer-Product + No Remainder,16,16,16,16,4,0.661042,13306.410750,68.266571
Inner Product + No Remainder,16,16,16,16,4,0.659778,13331.901430,68.397347
Inner Product + Remainder,16,16,16,16,4,0.749255,11739.777823,60.229193
cuBLAS,16,16,32,16,4,0.566415,15529.414587,79.671364
Outer-Product + No Remainder,16,16,32,16,4,0.606844,14494.819083,74.363524
Inner Product + No Remainder,16,16,32,16,4,0.632426,13908.494461,71.355473
Inner Product + Remainder,16,16,32,16,4,0.673077,13068.486166,67.045934
cuBLAS,8,32,32,2,4,0.728384,12076.172935,85.457518
Outer-Product + No Remainder,8,32,32,2,4,1.378788,6379.585251,45.145389
Inner Product + No Remainder,8,32,32,2,4,1.378017,6383.152348,45.170631
Inner Product + Remainder,8,32,32,2,4,1.390485,6325.917854,44.765609
cuBLAS,16,16,8,16,8,0.575090,15295.166459,78.469588
Outer-Product + No Remainder,16,16,8,16,8,0.646008,13616.068109,69.855223
Inner Product + No Remainder,16,16,8,16,8,0.676074,13010.551707,66.748710
Inner Product + Remainder,16,16,8,16,8,0.755928,11636.158793,59.697591
cuBLAS,8,32,8,2,8,0.730593,12039.670089,85.199204
Outer-Product + No Remainder,8,32,8,2,8,2.279781,3858.306540,27.303460
Inner Product + No Remainder,8,32,8,2,8,2.269817,3875.243853,27.423317
Inner Product + Remainder,8,32,8,2,8,3.189644,2757.703440,19.514998
cuBLAS,16,16,16,16,8,0.578266,15211.161988,78.038616
Outer-Product + No Remainder,16,16,16,16,8,0.580120,15162.540675,77.789171
Inner Product + No Remainder,16,16,16,16,8,0.644568,13646.491060,70.011303
Inner Product + Remainder,16,16,16,16,8,0.669939,13129.696716,67.359966
cuBLAS,8,32,16,2,8,0.729229,12062.180060,85.358497
Outer-Product + No Remainder,8,32,16,2,8,2.256724,3897.727172,27.582421
Inner Product + No Remainder,8,32,16,2,8,2.251414,3906.919286,27.647470
Inner Product + Remainder,8,32,16,2,8,2.577581,3412.537893,24.148960
cuBLAS,16,16,32,16,8,0.558311,15754.830826,80.827828
Outer-Product + No Remainder,16,16,32,16,8,0.553617,15888.403071,81.513101
Inner Product + No Remainder,16,16,32,16,8,0.788431,11156.450371,57.236518
Inner Product + Remainder,16,16,32,16,8,0.866956,10145.946704,52.052278
cuBLAS,8,32,8,2,2,0.561642,15661.388441,80.348436
Outer-Product + No Remainder,8,32,8,2,2,1.034245,8504.842651,43.632837
Inner Product + No Remainder,8,32,8,2,2,1.002113,8777.546277,45.031902
Inner Product + Remainder,8,32,8,2,2,1.150255,7647.084098,39.232233
cuBLAS,8,32,32,2,8,0.729769,12053.261948,85.295387
Outer-Product + No Remainder,8,32,32,2,8,4.207354,2090.647237,14.794548
Inner Product + No Remainder,8,32,32,2,8,4.205180,2091.728220,14.802198
Inner Product + Remainder,8,32,32,2,8,4.120865,2134.525766,15.105056
cuBLAS,8,32,16,2,2,0.576360,15261.447111,78.296596
Outer-Product + No Remainder,8,32,16,2,2,0.927816,9480.427846,48.637932
Inner Product + No Remainder,8,32,16,2,2,0.915581,9607.117509,49.287895
Inner Product + Remainder,8,32,16,2,2,0.996313,8828.644337,45.294053
cuBLAS,8,32,8,4,2,0.730394,12042.936866,85.222322
Outer-Product + No Remainder,8,32,8,4,2,1.081024,8136.812553,57.580478
Inner Product + No Remainder,8,32,8,4,2,1.068984,8228.462689,58.229043
Inner Product + Remainder,8,32,8,4,2,1.272087,6914.692344,48.932095
cuBLAS,8,32,32,2,2,0.582893,15090.405992,77.419095
Outer-Product + No Remainder,8,32,32,2,2,0.917267,9589.454128,49.197275
Inner Product + No Remainder,8,32,32,2,2,0.905570,9713.324561,49.832774
Inner Product + Remainder,8,32,32,2,2,0.970482,9063.628841,46.499607
cuBLAS,8,32,8,2,4,0.609209,14438.547769,74.074833
Outer-Product + No Remainder,8,32,8,2,4,0.879359,10002.841457,51.318098
Inner Product + No Remainder,8,32,8,2,4,0.896672,9809.707515,50.327253
Inner Product + Remainder,8,32,8,2,4,0.904784,9721.758205,49.876042
cuBLAS,8,32,16,4,2,0.728369,12076.420862,85.459272
Outer-Product + No Remainder,8,32,16,4,2,1.023518,8593.982835,60.815661
Inner Product + No Remainder,8,32,16,4,2,1.036497,8486.364543,60.054096
Inner Product + Remainder,8,32,16,4,2,1.133766,7758.298436,54.901907
cuBLAS,8,32,16,2,4,0.580859,15143.248129,77.690194
Outer-Product + No Remainder,8,32,16,2,4,0.817127,10764.655799,55.226474
Inner Product + No Remainder,8,32,16,2,4,0.825212,10659.186650,54.685380
Inner Product + Remainder,8,32,16,2,4,0.847215,10382.366395,53.265194
cuBLAS,8,32,32,4,2,0.729495,12057.791991,85.327444
Outer-Product + No Remainder,8,32,32,4,2,1.008058,8725.780297,61.748331
Inner Product + No Remainder,8,32,32,4,2,1.001705,8781.125341,62.139983
Inner Product + Remainder,8,32,32,4,2,1.044361,8422.463415,59.601897
cuBLAS,8,32,32,2,4,0.572965,15351.894500,78.760623
Outer-Product + No Remainder,8,32,32,2,4,0.831613,10577.150499,54.264505
Inner Product + No Remainder,8,32,32,2,4,0.836274,10518.190580,53.962020
Inner Product + Remainder,8,32,32,2,4,0.855451,10282.404413,52.752354
cuBLAS,8,32,8,4,4,0.729152,12063.449238,85.367478
Outer-Product + No Remainder,8,32,8,4,4,0.903793,9732.420942,68.871864
Inner Product + No Remainder,8,32,8,4,4,0.899603,9777.750795,69.192642
Inner Product + Remainder,8,32,8,4,4,1.099258,8001.847176,56.625390
cuBLAS,8,32,8,2,8,0.587581,14970.010996,76.801426
Outer-Product + No Remainder,8,32,8,2,8,1.759259,4999.885097,25.651171
Inner Product + No Remainder,8,32,8,2,8,1.745761,5038.542645,25.849497
Inner Product + Remainder,8,32,8,2,8,2.096984,4194.640742,21.519984
cuBLAS,8,32,16,4,4,0.729169,12063.179629,85.365570
Outer-Product + No Remainder,8,32,16,4,4,0.893133,9848.576704,69.693845
Inner Product + No Remainder,8,32,16,4,4,0.914342,9620.132145,68.077248
Inner Product + Remainder,8,32,16,4,4,1.122131,7838.737453,55.471137
cuBLAS,8,32,16,2,8,0.589919,14910.666798,76.496970
Outer-Product + No Remainder,8,32,16,2,8,1.716945,5123.107568,26.283345
Inner Product + No Remainder,8,32,16,2,8,1.709552,5145.263510,26.397013
Inner Product + Remainder,8,32,16,2,8,2.028953,4335.285683,22.241542
cuBLAS,8,32,32,4,4,0.730523,12040.810795,85.207276
Outer-Product + No Remainder,8,32,32,4,4,0.891739,9863.982290,69.802863
Inner Product + No Remainder,8,32,32,4,4,0.885464,9933.879325,70.297492
Inner Product + Remainder,8,32,32,4,4,1.352968,6501.331079,46.006928
cuBLAS,8,32,32,2,8,0.572908,15353.420445,78.768452
Outer-Product + No Remainder,8,32,32,2,8,1.964680,4477.113027,22.969166
Inner Product + No Remainder,8,32,32,2,8,1.983218,4435.262489,22.754458
Inner Product + Remainder,8,32,32,2,8,2.020008,4354.485181,22.340042
cuBLAS,8,32,8,4,2,0.565329,15559.243276,79.824395
Outer-Product + No Remainder,8,32,8,4,2,0.694639,12662.821190,64.964730
Inner Product + No Remainder,8,32,8,4,2,0.686607,12810.954076,65.724704
Inner Product + Remainder,8,32,8,4,2,0.888909,9895.375369,50.766759
cuBLAS,8,32,8,4,8,0.729955,12050.183019,85.273599
Outer-Product + No Remainder,8,32,8,4,8,1.613670,5450.986539,38.574123
Inner Product + No Remainder,8,32,8,4,8,2.147527,4095.916659,28.984917
Inner Product + Remainder,8,32,8,4,8,2.201722,3995.096282,28.271458
cuBLAS,8,32,16,4,2,0.611724,14379.180032,73.770255
Outer-Product + No Remainder,8,32,16,4,2,0.687189,12800.103534,65.669037
Inner Product + No Remainder,8,32,16,4,2,0.676508,13002.197607,66.705851
Inner Product + Remainder,8,32,16,4,2,0.700832,12550.921287,64.390644
cuBLAS,8,32,16,4,8,0.728981,12066.278338,85.387498
Outer-Product + No Remainder,8,32,16,4,8,1.578219,5573.430820,39.440605
Inner Product + No Remainder,8,32,16,4,8,2.109851,4169.058239,29.502506
Inner Product + Remainder,8,32,16,4,8,2.121660,4145.854849,29.338307
cuBLAS,8,32,32,4,2,0.583707,15069.364375,77.311144
Outer-Product + No Remainder,8,32,32,4,2,0.654532,13438.747040,68.945503
Inner Product + No Remainder,8,32,32,4,2,0.668839,13151.291079,67.470753
Inner Product + Remainder,8,32,32,4,2,0.681319,12910.396071,66.234877
cuBLAS,8,32,8,4,4,0.588677,14942.148881,76.658484
Outer-Product + No Remainder,8,32,8,4,4,0.591427,14872.669729,76.302031
Inner Product + No Remainder,8,32,8,4,4,0.608704,14450.533804,74.136325
Inner Product + Remainder,8,32,8,4,4,0.753265,11677.283941,59.908577
cuBLAS,8,32,32,4,8,0.728970,12066.463220,85.388807
Outer-Product + No Remainder,8,32,32,4,8,2.125657,4138.058537,29.283136
Inner Product + No Remainder,8,32,32,4,8,2.098629,4191.351291,29.660264
Inner Product + Remainder,8,32,32,4,8,3.585815,2453.024812,17.358928
cuBLAS,8,32,16,4,4,0.583920,15063.860806,77.282909
Outer-Product + No Remainder,8,32,16,4,4,0.606949,14492.313455,74.350670
Inner Product + No Remainder,8,32,16,4,4,0.573108,15348.065434,78.740979
Inner Product + Remainder,8,32,16,4,4,0.894798,9830.253176,50.432659
cuBLAS,8,32,8,8,2,0.728409,12075.759071,85.454589
Outer-Product + No Remainder,8,32,8,8,2,0.905567,9713.352712,68.736927
Inner Product + No Remainder,8,32,8,8,2,0.898255,9792.427716,69.296504
Inner Product + Remainder,8,32,8,8,2,0.986431,8917.084867,63.102106
cuBLAS,8,32,32,4,4,0.588276,14952.332720,76.710730
Outer-Product + No Remainder,8,32,32,4,4,0.616377,14270.641885,73.213416
Inner Product + No Remainder,8,32,32,4,4,0.584891,15038.854078,77.154615
Inner Product + Remainder,8,32,32,4,4,1.074298,8187.761903,42.006101
cuBLAS,8,32,8,4,8,0.615400,14293.283338,73.329575
Outer-Product + No Remainder,8,32,8,4,8,1.367668,6431.455279,32.995630
Inner Product + No Remainder,8,32,8,4,8,1.896245,4638.688977,23.798107
Inner Product + Remainder,8,32,8,4,8,1.910004,4605.273709,23.626675
cuBLAS,8,32,16,8,2,0.729691,12054.545383,85.304470
Outer-Product + No Remainder,8,32,16,8,2,0.875808,10043.400765,71.072525
Inner Product + No Remainder,8,32,16,8,2,0.847624,10377.351450,73.435740
Inner Product + Remainder,8,32,16,8,2,0.935011,9407.472511,66.572353
cuBLAS,8,32,16,4,8,0.601614,14620.827652,75.009993
Outer-Product + No Remainder,8,32,16,4,8,1.307835,6725.691013,34.505163
Inner Product + No Remainder,8,32,16,4,8,1.812066,4854.179057,24.903647
Inner Product + Remainder,8,32,16,4,8,1.819140,4835.301945,24.806801
cuBLAS,8,32,32,8,2,0.729583,12056.328330,85.317087
Outer-Product + No Remainder,8,32,32,8,2,0.832784,10562.276644,74.744371
Inner Product + No Remainder,8,32,32,8,2,0.827398,10631.033865,75.230934
Inner Product + Remainder,8,32,32,8,2,0.872204,10084.901448,71.366206
cuBLAS,8,32,32,4,8,0.561607,15662.373941,80.353492
Outer-Product + No Remainder,8,32,32,4,8,1.255200,7007.723247,35.952087
Inner Product + No Remainder,8,32,32,4,8,1.738706,5058.986909,25.954384
Inner Product + Remainder,8,32,32,4,8,3.188156,2758.990990,14.154595
cuBLAS,8,32,8,8,4,0.730661,12038.546695,85.191254
Outer-Product + No Remainder,8,32,8,8,4,0.870506,10104.578594,71.505452
Inner Product + No Remainder,8,32,8,8,4,0.858184,10249.660543,72.532130
Inner Product + Remainder,8,32,8,8,4,0.881208,9981.857795,70.637014
cuBLAS,8,32,8,8,2,0.579107,15189.068488,77.925268
Outer-Product + No Remainder,8,32,8,8,2,0.614503,14314.151089,73.436634
Inner Product + No Remainder,8,32,8,8,2,0.618455,14222.696862,72.967442
Inner Product + Remainder,8,32,8,8,2,0.695523,12646.730763,64.882181
cuBLAS,8,32,16,8,4,0.728416,12075.646756,85.453794
Outer-Product + No Remainder,8,32,16,8,4,0.789845,11136.473499,78.807697
Inner Product + No Remainder,8,32,16,8,4,0.794413,11072.440556,78.354566
Inner Product + Remainder,8,32,16,8,4,0.880822,9986.228500,70.667943
cuBLAS,8,32,16,8,2,0.576293,15263.242865,78.305809
Outer-Product + No Remainder,8,32,16,8,2,0.596024,14757.957431,75.713517
Inner Product + No Remainder,8,32,16,8,2,0.603188,14582.660916,74.814184
Inner Product + Remainder,8,32,16,8,2,0.610631,14404.918474,73.902303
cuBLAS,8,32,32,8,2,0.604750,14545.018808,74.621067
Outer-Product + No Remainder,8,32,32,8,2,0.600713,14642.752766,75.122476
Inner Product + No Remainder,8,32,32,8,2,0.548961,16023.167445,82.204490
Inner Product + Remainder,8,32,32,8,2,0.629213,13979.515434,71.719835
cuBLAS,8,32,32,8,4,0.729099,12064.338934,85.373774
Outer-Product + No Remainder,8,32,32,8,4,0.781969,11248.639774,79.601447
Inner Product + No Remainder,8,32,32,8,4,0.777240,11317.083113,80.085789
Inner Product + Remainder,8,32,32,8,4,1.042769,8435.322358,59.692894
cuBLAS,8,32,8,8,4,0.585815,15015.139425,77.032951
Outer-Product + No Remainder,8,32,8,8,4,0.583661,15070.543108,77.317191
Inner Product + No Remainder,8,32,8,8,4,0.632510,13906.657091,71.346046
Inner Product + Remainder,8,32,8,8,4,0.653392,13462.199501,69.065822
cuBLAS,8,32,8,8,8,0.730186,12046.366525,85.246592
Outer-Product + No Remainder,8,32,8,8,8,1.358347,6475.587097,45.824750
Inner Product + No Remainder,8,32,8,8,8,2.254645,3901.320583,27.607850
Inner Product + Remainder,8,32,8,8,8,2.352112,3739.657682,26.463836
cuBLAS,8,32,16,8,4,0.605177,14534.734109,74.568303
Outer-Product + No Remainder,8,32,16,8,4,0.552050,15933.517035,81.744551
Inner Product + No Remainder,8,32,16,8,4,0.542499,16214.029190,83.183677
Inner Product + Remainder,8,32,16,8,4,0.685509,12831.468462,65.829950
cuBLAS,8,32,32,8,4,0.606376,14505.994902,74.420860
Outer-Product + No Remainder,8,32,32,8,4,0.542400,16216.979456,83.198813
Inner Product + No Remainder,8,32,32,8,4,0.581600,15123.945890,77.591166
Inner Product + Remainder,8,32,32,8,4,0.780356,11271.901874,57.828825
cuBLAS,8,32,16,8,8,0.728577,12072.970026,85.434852
Outer-Product + No Remainder,8,32,16,8,8,1.323768,6644.738179,47.021754
Inner Product + No Remainder,8,32,16,8,8,2.171417,4050.853459,28.666026
Inner Product + Remainder,8,32,16,8,8,2.187074,4021.853472,28.460806
cuBLAS,8,32,8,8,8,0.578425,15206.967927,78.017099
Outer-Product + No Remainder,8,32,8,8,8,1.133509,7760.053842,39.811808
Inner Product + No Remainder,8,32,8,8,8,1.997317,4403.954379,22.593836
Inner Product + Remainder,8,32,8,8,8,2.031406,4330.052737,22.214695
cuBLAS,8,32,32,8,8,0.729241,12061.978146,85.357068
Outer-Product + No Remainder,8,32,32,8,8,1.303876,6746.111732,47.739128
Inner Product + No Remainder,8,32,32,8,8,2.949828,2981.900429,21.101537
Inner Product + Remainder,8,32,32,8,8,2.983239,2948.504287,20.865208
cuBLAS,8,32,16,8,8,0.573376,15340.889858,78.704165
Outer-Product + No Remainder,8,32,16,8,8,1.101639,7984.553599,40.963571
Inner Product + No Remainder,8,32,16,8,8,1.878415,4682.719806,24.024001
Inner Product + Remainder,8,32,16,8,8,1.897699,4635.136099,23.779880
cuBLAS,8,32,8,16,2,0.729402,12059.327654,85.338312
Outer-Product + No Remainder,8,32,8,16,2,0.897089,9805.153026,69.386555
Inner Product + No Remainder,8,32,8,16,2,0.865993,10157.234337,71.878073
Inner Product + Remainder,8,32,8,16,2,0.874674,10056.427154,71.164707
cuBLAS,8,32,32,8,8,0.603884,14565.860118,74.727990
Outer-Product + No Remainder,8,32,32,8,8,1.097382,8015.522784,41.122454
Inner Product + No Remainder,8,32,32,8,8,1.937359,4540.248227,23.293072
Inner Product + Remainder,8,32,32,8,8,1.901375,4626.174457,23.733903
cuBLAS,8,32,16,16,2,0.730762,12036.881602,85.179471
Outer-Product + No Remainder,8,32,16,16,2,0.824650,10666.453415,75.481582
Inner Product + No Remainder,8,32,16,16,2,0.802848,10956.107213,77.531328
Inner Product + Remainder,8,32,16,16,2,0.843355,10429.884373,73.807491
cuBLAS,8,32,8,16,2,0.589338,14925.386430,76.572486
Outer-Product + No Remainder,8,32,8,16,2,0.703168,12509.239941,64.176804
Inner Product + No Remainder,8,32,8,16,2,0.595556,14769.559515,75.773040
Inner Product + Remainder,8,32,8,16,2,0.670191,13124.758315,67.334630
cuBLAS,8,32,16,16,2,0.596205,14753.462765,75.690458
Outer-Product + No Remainder,8,32,16,16,2,0.622117,14138.975908,72.537924
Inner Product + No Remainder,8,32,16,16,2,0.544486,16154.846445,82.880049
Inner Product + Remainder,8,32,16,16,2,0.682501,12888.024180,66.120101
cuBLAS,8,32,32,16,2,0.728560,12073.266370,85.436949
Outer-Product + No Remainder,8,32,32,16,2,0.783546,11226.006887,79.441284
Inner Product + No Remainder,8,32,32,16,2,0.780513,11269.625974,79.749956
Inner Product + Remainder,8,32,32,16,2,0.798460,11016.328291,77.957485
cuBLAS,8,32,32,16,2,0.577540,15230.286844,78.136733
Outer-Product + No Remainder,8,32,32,16,2,0.562537,15636.462044,80.220555
Inner Product + No Remainder,8,32,32,16,2,0.569206,15453.265134,79.280690
Inner Product + Remainder,8,32,32,16,2,0.587810,14964.186623,76.771545
cuBLAS,8,32,8,16,4,0.728912,12067.429144,85.395642
Outer-Product + No Remainder,8,32,8,16,4,1.008659,8720.581536,61.711542
Inner Product + No Remainder,8,32,8,16,4,0.745688,11795.937229,83.474419
Inner Product + Remainder,8,32,8,16,4,0.804488,10933.778939,77.373321
cuBLAS,8,32,8,16,4,0.569562,15443.617296,79.231193
Outer-Product + No Remainder,8,32,8,16,4,0.760375,11568.103308,59.348442
Inner Product + No Remainder,8,32,8,16,4,0.564699,15576.603583,79.913460
Inner Product + Remainder,8,32,8,16,4,0.625110,14071.268500,72.190561
cuBLAS,8,32,16,16,4,0.727982,12082.844201,85.504727
Outer-Product + No Remainder,8,32,16,16,4,0.901917,9752.666242,69.015130
Inner Product + No Remainder,8,32,16,16,4,0.890877,9873.526540,69.870403
Inner Product + Remainder,8,32,16,16,4,0.990021,8884.756208,62.873331
cuBLAS,8,32,16,16,4,0.579210,15186.365122,77.911399
Outer-Product + No Remainder,8,32,16,16,4,0.638014,13786.685539,70.730550
Inner Product + No Remainder,8,32,16,16,4,0.636555,13818.285973,70.892671
Inner Product + Remainder,8,32,16,16,4,0.764512,11505.504502,59.027288
cuBLAS,8,32,32,16,4,0.573386,15340.604085,78.702699
Outer-Product + No Remainder,8,32,32,16,4,0.573881,15327.380365,78.634857
Inner Product + No Remainder,8,32,32,16,4,0.599233,14678.923285,75.308044
Inner Product + Remainder,8,32,32,16,4,0.681872,12899.924952,66.181156
cuBLAS,8,32,32,16,4,0.727200,12095.837286,85.596673
Outer-Product + No Remainder,8,32,32,16,4,0.794801,11067.042088,78.316363
Inner Product + No Remainder,8,32,32,16,4,0.808353,10881.495342,77.003334
Inner Product + Remainder,8,32,32,16,4,0.863966,10181.064543,72.046708
cuBLAS,8,32,8,16,8,0.583282,15080.347290,77.367490
Outer-Product + No Remainder,8,32,8,16,8,1.226392,7172.334889,36.796603
Inner Product + No Remainder,8,32,8,16,8,1.270075,6925.646772,35.531006
Inner Product + Remainder,8,32,8,16,8,1.284711,6846.750715,35.126241
cuBLAS,8,32,8,16,8,0.729207,12062.544530,85.361076
Outer-Product + No Remainder,8,32,8,16,8,1.464604,6005.784452,42.500172
Inner Product + No Remainder,8,32,8,16,8,1.461344,6019.178820,42.594958
Inner Product + Remainder,8,32,8,16,8,1.503912,5848.807423,41.389318
cuBLAS,8,32,16,16,8,0.564274,15588.325118,79.973595
Outer-Product + No Remainder,8,32,16,16,8,1.168543,7527.402293,38.618224
Inner Product + No Remainder,8,32,16,16,8,1.245684,7061.252980,36.226714
Inner Product + Remainder,8,32,16,16,8,1.203824,7306.794099,37.486426
cuBLAS,8,32,16,16,8,0.729133,12063.768342,85.369736
Outer-Product + No Remainder,8,32,16,16,8,1.396686,6297.830745,44.566850
Inner Product + No Remainder,8,32,16,16,8,1.500514,5862.052182,41.483045
Inner Product + Remainder,8,32,16,16,8,1.417120,6207.021683,43.924236
cuBLAS,8,32,32,16,8,0.592396,14848.323828,76.177128
Outer-Product + No Remainder,8,32,32,16,8,1.159808,7584.091026,38.909057
Inner Product + No Remainder,8,32,32,16,8,1.524149,5771.149236,29.608027
Inner Product + Remainder,8,32,32,16,8,1.551012,5671.196564,29.095235
cuBLAS,16,32,8,2,2,0.579352,15182.642167,77.892299
Outer-Product + No Remainder,16,32,8,2,2,0.974563,9025.682725,46.304930
Inner Product + No Remainder,16,32,8,2,2,0.950162,9257.467363,47.494066
Inner Product + Remainder,16,32,8,2,2,1.156757,7604.094575,39.011682
cuBLAS,8,32,32,16,8,0.728364,12076.509916,85.459903
Outer-Product + No Remainder,8,32,32,16,8,1.375180,6396.322679,45.263832
Inner Product + No Remainder,8,32,32,16,8,3.058183,2876.248224,20.353885
Inner Product + Remainder,8,32,32,16,8,3.120280,2819.008011,19.948822
cuBLAS,16,32,16,2,2,0.586104,15007.724683,76.994911
Outer-Product + No Remainder,16,32,16,2,2,0.867556,10138.935783,52.016310
Inner Product + No Remainder,16,32,16,2,2,0.864876,10170.353325,52.177493
Inner Product + Remainder,16,32,16,2,2,0.945713,9301.020828,47.717511
cuBLAS,16,32,32,2,2,0.570316,15423.193962,79.126414
Outer-Product + No Remainder,16,32,32,2,2,0.826654,10640.592756,54.589987
Inner Product + No Remainder,16,32,32,2,2,0.836644,10513.545182,53.938188
Inner Product + Remainder,16,32,32,2,2,1.057302,8319.378997,42.681343
cuBLAS,16,32,8,2,2,0.729467,12058.254061,85.330714
Outer-Product + No Remainder,16,32,8,2,2,1.371132,6415.205884,45.397459
Inner Product + No Remainder,16,32,8,2,2,1.369107,6424.694515,45.464606
Inner Product + Remainder,16,32,8,2,2,2.318462,3793.934264,26.847927
cuBLAS,16,32,8,2,4,0.583844,15065.821405,77.292967
Outer-Product + No Remainder,16,32,8,2,4,0.800071,10994.145801,56.403838
Inner Product + No Remainder,16,32,8,2,4,0.811237,10842.816205,55.627464
Inner Product + Remainder,16,32,8,2,4,0.839427,10478.691059,53.759374
cuBLAS,16,32,16,2,2,0.730037,12048.828989,85.264017
Outer-Product + No Remainder,16,32,16,2,2,1.326701,6630.048430,46.917801
Inner Product + No Remainder,16,32,16,2,2,1.325514,6635.988763,46.959838
Inner Product + Remainder,16,32,16,2,2,1.606436,5475.533104,38.747828
cuBLAS,16,32,16,2,4,0.583432,15076.469511,77.347596
Outer-Product + No Remainder,16,32,16,2,4,0.744327,11817.513207,60.628003
Inner Product + No Remainder,16,32,16,2,4,0.761717,11547.722812,59.243883
Inner Product + Remainder,16,32,16,2,4,0.755637,11640.635484,59.720558
cuBLAS,16,32,32,2,2,0.728167,12079.781530,85.483054
Outer-Product + No Remainder,16,32,32,2,2,1.244212,7069.610720,50.028381
Inner Product + No Remainder,16,32,32,2,2,1.240749,7089.342475,50.168014
Inner Product + Remainder,16,32,32,2,2,1.463251,6011.333823,42.539443
cuBLAS,16,32,32,2,4,0.595915,14760.657057,75.727367
Outer-Product + No Remainder,16,32,32,2,4,0.724125,12147.197397,62.319399
Inner Product + No Remainder,16,32,32,2,4,0.709986,12389.104108,63.560465
Inner Product + Remainder,16,32,32,2,4,0.802872,10955.790713,56.207063
cuBLAS,16,32,8,2,8,0.581097,15137.051300,77.658402
Outer-Product + No Remainder,16,32,8,2,8,1.177511,7470.075320,38.324116
Inner Product + No Remainder,16,32,8,2,8,1.197832,7343.347296,37.673957
Inner Product + Remainder,16,32,8,2,8,1.216415,7231.163203,37.098413
cuBLAS,16,32,8,2,4,0.727993,12082.666921,85.503473
Outer-Product + No Remainder,16,32,8,2,4,1.273672,6906.092318,48.871237
Inner Product + No Remainder,16,32,8,2,4,1.273344,6907.866635,48.883793
Inner Product + Remainder,16,32,8,2,4,1.449302,6069.190581,42.948868
cuBLAS,16,32,16,2,8,0.592181,14853.716931,76.204797
Outer-Product + No Remainder,16,32,16,2,8,1.112832,7904.243143,40.551550
Inner Product + No Remainder,16,32,16,2,8,1.102477,7978.484394,40.932434
Inner Product + Remainder,16,32,16,2,8,1.144693,7684.238493,39.422849
cuBLAS,16,32,16,2,4,0.729235,12062.088188,85.357847
Outer-Product + No Remainder,16,32,16,2,4,1.154218,7620.826983,53.929085
Inner Product + No Remainder,16,32,16,2,4,1.168561,7527.287489,53.267149
Inner Product + Remainder,16,32,16,2,4,1.243863,7071.595676,50.042428
cuBLAS,16,32,32,2,8,0.595418,14772.981156,75.790594
Outer-Product + No Remainder,16,32,32,2,8,1.096077,8025.070109,41.171435
Inner Product + No Remainder,16,32,32,2,8,1.089639,8072.486995,41.414700
Inner Product + Remainder,16,32,32,2,8,1.105533,7956.427668,40.819275
cuBLAS,16,32,32,2,4,0.730209,12045.986921,85.243905
Outer-Product + No Remainder,16,32,32,2,4,1.082643,8124.648175,57.494396
Inner Product + No Remainder,16,32,32,2,4,1.079686,8146.901710,57.651874
Inner Product + Remainder,16,32,32,2,4,1.172419,7502.517742,53.091865
cuBLAS,16,32,8,4,2,0.565360,15558.381567,79.819974
Outer-Product + No Remainder,16,32,8,4,2,0.690225,12743.805764,65.380210
Inner Product + No Remainder,16,32,8,4,2,0.697468,12611.464326,64.701252
Inner Product + Remainder,16,32,8,4,2,1.115761,7883.493916,40.445099
cuBLAS,16,32,16,4,2,0.587351,14975.860135,76.831434
Outer-Product + No Remainder,16,32,16,4,2,0.699898,12567.679377,64.476619
Inner Product + No Remainder,16,32,16,4,2,0.726734,12103.594513,62.095701
Inner Product + Remainder,16,32,16,4,2,0.719251,12229.516283,62.741724
cuBLAS,16,32,8,2,8,0.730034,12048.876335,85.264352
Outer-Product + No Remainder,16,32,8,2,8,1.574956,5584.978529,39.522323
Inner Product + No Remainder,16,32,8,2,8,1.562828,5628.317588,39.829013
Inner Product + Remainder,16,32,8,2,8,1.655222,5314.147634,37.605777
                                                                                                                                                                                                                                                                               cuBLAS,16,32,16,2,8,0.729091,12064.473258,85.374725
Outer-Product + No Remainder,16,32,16,2,8,1.509572,5826.878205,41.234135
Inner Product + No Remainder,16,32,16,2,8,1.499193,5867.218127,41.519602
Inner Product + Remainder,16,32,16,2,8,1.556851,5649.927554,39.981937
cuBLAS,16,32,8,4,4,0.592680,14841.224192,76.140705
Outer-Product + No Remainder,16,32,8,4,4,0.678499,12964.051360,66.510147
Inner Product + No Remainder,16,32,8,4,4,0.679085,12952.862040,66.452742
Inner Product + Remainder,16,32,8,4,4,0.820909,10715.059137,54.972025
cuBLAS,16,32,32,2,8,0.729268,12061.544056,85.353996
Outer-Product + No Remainder,16,32,32,2,8,1.483183,5930.551470,41.967783
Inner Product + No Remainder,16,32,32,2,8,1.481245,5938.309734,42.022685
Inner Product + Remainder,16,32,32,2,8,1.502506,5854.282961,41.428066
cuBLAS,16,32,16,4,4,0.577818,15222.947583,78.099080
Outer-Product + No Remainder,16,32,16,4,4,0.590960,14884.412981,76.362278
Inner Product + No Remainder,16,32,16,4,4,0.793693,11082.493902,56.857095
Inner Product + Remainder,16,32,16,4,4,0.985749,8923.255403,45.779441
cuBLAS,16,32,32,4,4,0.582844,15091.681263,77.425638
Outer-Product + No Remainder,16,32,32,4,4,0.572789,15356.602518,78.784777
Inner Product + No Remainder,16,32,32,4,4,0.670767,13113.477321,67.276755
Inner Product + Remainder,16,32,32,4,4,-1.0,-1.0,-1.0
cuBLAS,16,32,8,4,2,0.730041,12048.769556,85.263597
Outer-Product + No Remainder,16,32,8,4,2,1.070942,8213.415744,58.122563
Inner Product + No Remainder,16,32,8,4,2,1.072375,8202.442265,58.044909
Inner Product + Remainder,16,32,8,4,2,1.323024,6648.476154,47.048206
cuBLAS,16,32,8,4,8,0.578396,15207.722142,78.020968
Outer-Product + No Remainder,16,32,8,4,8,0.791126,11118.447130,57.041548
Inner Product + No Remainder,16,32,8,4,8,0.796637,11041.525865,56.646915
Inner Product + Remainder,16,32,8,4,8,0.935843,9399.109825,48.220742
cuBLAS,16,32,16,4,2,0.728530,12073.763008,85.440464
Outer-Product + No Remainder,16,32,16,4,2,0.977930,8994.607367,63.650697
Inner Product + No Remainder,16,32,16,4,2,0.978801,8986.596359,63.594006
Inner Product + Remainder,16,32,16,4,2,1.087470,8088.587475,57.239211
cuBLAS,16,32,16,4,8,0.580608,15149.784470,77.723727
Outer-Product + No Remainder,16,32,16,4,8,0.696608,12627.041335,64.781167
Inner Product + No Remainder,16,32,16,4,8,0.701216,12544.054112,64.355413
Inner Product + Remainder,16,32,16,4,8,0.861222,10213.506266,52.398883
cuBLAS,16,32,32,4,2,0.731298,12028.057062,85.117024
Outer-Product + No Remainder,16,32,32,4,2,0.908453,9682.492598,68.518544
Inner Product + No Remainder,16,32,32,4,2,0.921857,9541.707205,67.522270
Inner Product + Remainder,16,32,32,4,2,0.986542,8916.084119,63.095024
cuBLAS,16,32,32,4,8,0.575830,15275.494676,78.368665
Outer-Product + No Remainder,16,32,32,4,8,0.640239,13738.763174,70.484691
Inner Product + No Remainder,16,32,32,4,8,0.647655,13581.452996,69.677635
Inner Product + Remainder,16,32,32,4,8,-1.0,-1.0,-1.0
cuBLAS,16,32,8,4,4,0.728511,12074.062426,85.442583
Outer-Product + No Remainder,16,32,8,4,4,0.889502,9888.780311,69.978347
Inner Product + No Remainder,16,32,8,4,4,0.888756,9897.082432,70.037097
Inner Product + Remainder,16,32,8,4,4,1.583929,5553.336821,39.298409
cuBLAS,16,32,8,8,2,0.607085,14489.055539,74.333955
Outer-Product + No Remainder,16,32,8,8,2,0.683273,12873.476891,66.045468
Inner Product + No Remainder,16,32,8,8,2,0.664180,13243.547812,67.944062
Inner Product + Remainder,16,32,8,8,2,0.810402,10853.985974,55.684769
cuBLAS,16,32,16,8,2,0.571992,15378.001604,78.894562
Outer-Product + No Remainder,16,32,16,8,2,0.584817,15040.754801,77.164367
Inner Product + No Remainder,16,32,16,8,2,0.618418,14223.539093,72.971763
Inner Product + Remainder,16,32,16,8,2,0.689803,12751.603102,65.420213
cuBLAS,16,32,16,4,4,0.729350,12060.180408,85.344346
Outer-Product + No Remainder,16,32,16,4,4,0.860687,10219.847382,72.321156
Inner Product + No Remainder,16,32,16,4,4,1.124644,7821.227433,55.347227
Inner Product + Remainder,16,32,16,4,4,1.322678,6650.212613,47.060494
                                                                                                                                                                                                                                                                               cuBLAS,16,32,32,4,4,0.726756,12103.231623,85.649000
Outer-Product + No Remainder,16,32,32,4,4,0.806692,10903.907362,77.161934
Inner Product + No Remainder,16,32,32,4,4,0.921603,9544.338521,67.540891
Inner Product + Remainder,16,32,32,4,4,-1.0,-1.0,-1.0
cuBLAS,16,32,8,8,4,0.565328,15559.283592,79.824602
Outer-Product + No Remainder,16,32,8,8,4,0.746297,11786.318980,60.467965
Inner Product + No Remainder,16,32,8,8,4,0.776493,11327.980273,58.116527
Inner Product + Remainder,16,32,8,8,4,0.901644,9755.613986,50.049734
cuBLAS,16,32,8,4,8,0.729469,12058.220767,85.330479
Outer-Product + No Remainder,16,32,8,4,8,1.120944,7847.038198,55.529878
Inner Product + No Remainder,16,32,8,4,8,1.079919,8145.144636,57.639440
Inner Product + Remainder,16,32,8,4,8,1.232571,7136.376695,50.500853
cuBLAS,16,32,16,4,8,0.729577,12056.426166,85.317779
Outer-Product + No Remainder,16,32,16,4,8,0.950443,9254.727349,65.491446
Inner Product + No Remainder,16,32,16,4,8,0.992326,8864.116351,62.727272
Inner Product + Remainder,16,32,16,4,8,1.057700,8316.246032,58.850246
cuBLAS,16,32,32,4,8,0.730405,12042.756730,85.221047
Outer-Product + No Remainder,16,32,32,4,8,0.888433,9900.684688,70.062589
Inner Product + No Remainder,16,32,32,4,8,0.908753,9679.303470,68.495976
Inner Product + Remainder,16,32,32,4,8,-1.0,-1.0,-1.0
cuBLAS,16,32,8,8,2,0.728398,12075.936149,85.455842
Outer-Product + No Remainder,16,32,8,8,2,0.879086,10005.950731,70.807508
Inner Product + No Remainder,16,32,8,8,2,0.868471,10128.251053,71.672971
Inner Product + Remainder,16,32,8,8,2,1.002546,8773.752726,62.087810
cuBLAS,16,32,16,8,2,0.731440,12025.726508,85.100532
Outer-Product + No Remainder,16,32,16,8,2,1.084119,8113.587034,57.416121
Inner Product + No Remainder,16,32,16,8,2,1.094199,8038.840525,56.887175
Inner Product + Remainder,16,32,16,8,2,1.263015,6964.360059,49.283571
cuBLAS,16,32,32,8,2,0.729814,12052.513991,85.290094
Outer-Product + No Remainder,16,32,32,8,2,0.796690,11040.804311,78.130691
Inner Product + No Remainder,16,32,32,8,2,0.908632,9680.588233,68.505068
Inner Product + Remainder,16,32,32,8,2,1.022601,8601.683119,60.870153
cuBLAS,16,32,8,8,4,0.729498,12057.731461,85.327016
Outer-Product + No Remainder,16,32,8,8,4,1.003294,8767.210031,62.041510
Inner Product + No Remainder,16,32,8,8,4,0.993966,8849.490820,62.623774
Inner Product + Remainder,16,32,8,8,4,1.161119,7575.532509,53.608557
cuBLAS,16,32,16,8,4,0.726941,12100.145403,85.627160
Outer-Product + No Remainder,16,32,16,8,4,0.901874,9753.128257,69.018400
Inner Product + No Remainder,16,32,16,8,4,0.892652,9853.887115,69.731424
Inner Product + Remainder,16,32,16,8,4,1.008778,8719.555822,61.704283
cuBLAS,16,32,32,8,4,0.727530,12090.352486,85.557860
Outer-Product + No Remainder,16,32,32,8,4,0.826332,10644.740965,75.327933
Inner Product + No Remainder,16,32,32,8,4,0.809827,10861.687861,76.863166
Inner Product + Remainder,16,32,32,8,4,-1.0,-1.0,-1.0
cuBLAS,16,32,8,8,8,0.729267,12061.551122,85.354046
Outer-Product + No Remainder,16,32,8,8,8,0.879753,9998.363943,70.753820
Inner Product + No Remainder,16,32,8,8,8,-1.0,-1.0,-1.0
Inner Product + Remainder,16,32,8,8,8,-1.0,-1.0,-1.0
cuBLAS,16,32,16,8,8,0.728336,12076.975446,85.463197
Outer-Product + No Remainder,16,32,16,8,8,0.804550,10932.932886,77.367334
Inner Product + No Remainder,16,32,16,8,8,-1.0,-1.0,-1.0
Inner Product + Remainder,16,32,16,8,8,-1.0,-1.0,-1.0
cuBLAS,16,32,32,8,8,0.728747,12070.165083,85.415003
Outer-Product + No Remainder,16,32,32,8,8,0.759264,11585.019622,81.981852
Inner Product + No Remainder,16,32,32,8,8,-1.0,-1.0,-1.0
Inner Product + Remainder,16,32,32,8,8,-1.0,-1.0,-1.0
cuBLAS,16,32,8,16,2,0.729592,12056.175024,85.316002
Outer-Product + No Remainder,16,32,8,16,2,1.044108,8424.507652,59.616363
Inner Product + No Remainder,16,32,8,16,2,1.055767,8331.471124,58.957987
Inner Product + Remainder,16,32,8,16,2,1.211762,7258.926686,51.368083
cuBLAS,16,32,16,16,2,0.730517,12040.921457,85.208059
Outer-Product + No Remainder,16,32,16,16,2,0.940247,9355.085656,66.201636
Inner Product + No Remainder,16,32,16,16,2,0.899769,9775.944058,69.179857
Inner Product + Remainder,16,32,16,16,2,0.993663,8852.191843,62.642888
cuBLAS,16,32,32,16,2,0.729893,12051.215872,85.280908
Outer-Product + No Remainder,16,32,32,16,2,0.851780,10326.716792,73.077422
Inner Product + No Remainder,16,32,32,16,2,0.819170,10737.816495,75.986585
Inner Product + Remainder,16,32,32,16,2,0.868762,10124.859029,71.648967
cuBLAS,16,32,8,16,4,0.727359,12093.195234,85.577977
Outer-Product + No Remainder,16,32,8,16,4,-1.0,-1.0,-1.0
Inner Product + No Remainder,16,32,8,16,4,0.854535,10293.426599,72.841843
Inner Product + Remainder,16,32,8,16,4,0.965666,9108.832188,64.459013
cuBLAS,16,32,16,16,4,0.728815,12069.028916,85.406963
Outer-Product + No Remainder,16,32,16,16,4,-1.0,-1.0,-1.0
Inner Product + No Remainder,16,32,16,16,4,-1.0,-1.0,-1.0
Inner Product + Remainder,16,32,16,16,4,-1.0,-1.0,-1.0
cuBLAS,16,32,32,16,4,0.729824,12052.348687,85.288925
Outer-Product + No Remainder,16,32,32,16,4,-1.0,-1.0,-1.0
Inner Product + No Remainder,16,32,32,16,4,-1.0,-1.0,-1.0
Inner Product + Remainder,16,32,32,16,4,-1.0,-1.0,-1.0
cuBLAS,16,32,8,16,8,0.728714,12070.711004,85.418866
Outer-Product + No Remainder,16,32,8,16,8,-1.0,-1.0,-1.0
Inner Product + No Remainder,16,32,8,16,8,-1.0,-1.0,-1.0
Inner Product + Remainder,16,32,8,16,8,-1.0,-1.0,-1.0
cuBLAS,16,32,16,16,8,0.728959,12066.645076,85.390094
Outer-Product + No Remainder,16,32,16,16,8,-1.0,-1.0,-1.0
Inner Product + No Remainder,16,32,16,16,8,-1.0,-1.0,-1.0
Inner Product + Remainder,16,32,16,16,8,-1.0,-1.0,-1.0
cuBLAS,16,32,16,16,8,0.729213,12062.441547,85.360347
Outer-Product + No Remainder,16,32,16,16,8,-1.0,-1.0,-1.0
Inner Product + No Remainder,16,32,16,16,8,-1.0,-1.0,-1.0
Inner Product + Remainder,16,32,16,16,8,-1.0,-1.0,-1.0
